policy,workload,score,steps,makespan,mean_slowdown,total_slowdown,total_turnaround_time,mean_turnaround_time,total_waiting_time,mean_waiting_time,max_waiting_time,max_turnaround_time,max_slowdown
EASY,1,0.0,0.0,109.00012,2.726527,0.0,0.0,9.235355,0.0,4.235355,14.00012,25.00006,14.000075
PPO,1,-1.615148089127615,153.0,122.00008999999999,1.615184,54.91503496503496,299.0,8.794205,129.0,3.7942050000000003,35.000045,47.000045,4.090917
SJF,1,-2.233842627960278,145.0,114.000165,2.2339,75.95064935064933,290.0,8.529538,120.0,3.529538,17.00018,24.000165,9.50009
Random,1,-5.903124326653739,154.0,123.000255,5.903171,200.70622710622712,606.0,17.82364,436.0,12.82364,33.000225,44.000225,21.00006
Tetris,1,-2.493761140819967,142.0,111.0003,2.493832,84.78787878787878,305.0,8.970747,135.0,3.970747,24.000195,27.000195,9.50009
Packer,1,-2.765329768270943,142.0,111.00027,2.765402,94.02121212121212,313.0,9.206042,143.0,4.206042,24.000195,27.000195,11.00012
