policy,workload,score,steps,makespan,mean_slowdown,total_slowdown,total_turnaround_time,mean_turnaround_time,total_waiting_time,mean_waiting_time,max_waiting_time,max_turnaround_time,max_slowdown
EASY,1,0.0,0.0,116.000075,3.3041949999999995,0.0,0.0,8.526424,0.0,4.14046,18.000045,27.000075,13.000105
PPO,1,-1.7281601661234165,200.0,142.000255,1.7282220000000001,98.50512820512822,559.0,9.807143,309.0,5.421178,68.00018,83.00018,5.533345
Tetris,1,-3.8386864597390975,172.0,114.000525,3.838786,218.80512820512817,518.0,9.087909,268.0,4.701944,35.000165,36.000165,36.000165
Random,1,-7.456651535598906,191.0,133.000045,7.456776,425.02913752913753,1017.0,17.842364,767.0,13.4564,44.000045,51.000375,29.000495
SJF,1,-3.1625281151596845,172.0,114.00069,3.162647,180.2641025641026,457.0,8.017785,207.0,3.63182,26.000105,27.000105,27.000105
Packer,1,-4.186639676113367,172.0,114.000225,4.186722,238.63846153846154,536.0,9.40366,286.0,5.017695,41.00021,42.00021,42.00021
