policy,workload,score,steps,makespan,mean_slowdown,total_slowdown,total_turnaround_time,mean_turnaround_time,total_waiting_time,mean_waiting_time,max_waiting_time,max_turnaround_time,max_slowdown
EASY,1,0.0,0.0,122.000105,1.782331,0.0,0.0,5.111153,0.0,1.037079,10.000060000000001,17.000104999999998,11.000060000000001
PPO,1,-1.3352542845532298,157.0,133.000105,1.335294,36.051864801864795,158.0,5.851932,48.0,1.7778580000000002,17.000104999999998,28.000104999999998,6.000135
Tetris,1,-2.257575757575761,145.0,121.000195,2.257625,60.95454545454545,149.0,5.518616,39.0,1.444542,24.00018,25.00018,25.00018
Random,1,-5.527933177933172,163.0,139.000075,5.527975,149.25419580419583,414.0,15.333411,304.0,11.259337,32.000045,42.000075,19.000135
SJF,1,-1.7823102823102859,146.0,122.00021,1.78236,48.12237762237763,138.0,5.11121,28.0,1.037136,10.00015,17.00021,11.00015
Packer,1,-2.257575757575761,145.0,121.000195,2.257625,60.95454545454545,149.0,5.518616,39.0,1.444542,24.00018,25.00018,25.00018
