policy,workload,score,steps,makespan,mean_slowdown,total_slowdown,total_turnaround_time,mean_turnaround_time,total_waiting_time,mean_waiting_time,max_waiting_time,max_turnaround_time,max_slowdown
EASY,1,0.0,0.0,78.000045,1.0000149999999999,0.0,0.0,4.900030999999999,0.0,3.2e-05,4.5e-05,13.00003,1.00003
PPO,1,-1.0000000242143872,83.0,78.000075,1.000032,10.0,49.0,4.9000639999999995,0.0,6.4e-05,9e-05,13.000060000000001,1.000075
Tetris,1,-0.9999999999999994,83.0,78.000075,1.000032,10.0,49.0,4.900064,0.0,6.4e-05,9e-05,13.00006,1.000075
Random,1,-6.747692307692307,83.0,78.000075,6.74772,67.47692307692307,145.0,14.500055,96.0,9.600055,24.00006,27.00006,24.000045
SJF,1,-0.9999999999999994,83.0,78.000075,1.000032,10.0,49.0,4.900064,0.0,6.4e-05,9e-05,13.00006,1.000075
Packer,1,-0.9999999999999994,83.0,78.000075,1.000032,10.0,49.0,4.900064,0.0,6.4e-05,9e-05,13.00006,1.000075
