policy,workload,score,steps,makespan,mean_slowdown,total_slowdown,total_turnaround_time,mean_turnaround_time,total_waiting_time,mean_waiting_time,max_waiting_time,max_turnaround_time,max_slowdown
EASY,1,0.0,0.0,181.000525,9.420812,0.0,0.0,25.538664,0.0,21.24196,84.000525,87.000525,55.000285
PPO,1,-2.8958098763832822,284.0,192.00006000000002,2.895914,263.5186979686979,1355.0,14.890343,964.0,10.593639999999999,148.00006000000002,163.00006000000002,10.866671
Tetris,1,-9.205940762534297,263.0,171.0006,9.206087,837.7406093906095,2259.0,24.824489,1868.0,20.527786,78.0006,92.0006,49.00045
Packer,1,-9.226262748240897,264.0,172.00084,9.226423,839.5899100899101,2221.0,24.406956,1830.0,20.110253,83.000675,85.000675,58.00075
SJF,1,-7.299734514569763,279.0,187.000795,7.299871,664.2758408258408,1959.0,21.527777,1568.0,17.231074,129.00078,141.00078,60.50033
Random,1,-7.811247360698102,289.0,197.000105,7.811465,710.8235098235098,2123.0,23.330155,1732.0,19.033451,139.000075,154.000075,32.000495
