policy,workload,score,steps,makespan,mean_slowdown,total_slowdown,total_turnaround_time,mean_turnaround_time,total_waiting_time,mean_waiting_time,max_waiting_time,max_turnaround_time,max_slowdown
EASY,1,0.0,0.0,234.00064500000002,16.152748000000003,0.0,0.0,38.473040000000005,0.0,33.936676,113.000615,125.00064499999999,83.00045
PPO,1,-4.596013239395689,363.0,252.000105,4.596193,505.5614552114552,2369.0,21.53676,1870.0,17.000397,198.000075,212.000075,24.000245
Tetris,1,-21.48554506099931,333.0,222.00099,21.48579,2363.4099567099574,4941.0,44.918678,4442.0,40.382314,121.00093,122.00093,122.00093
SJF,1,-10.036534071988559,362.0,251.00135,10.036799,1104.0187479187475,3142.0,28.564208,2643.0,24.027844,158.00135,173.00135,70.00057
Packer,1,-25.171227408954582,333.0,222.00123,25.171516,2768.8350149850153,5669.0,51.536934,5170.0,47.000571,133.00105,136.00105,122.00117
Random,1,-15.00472527472492,367.0,256.000075,15.004958,1650.5197802197802,4322.0,39.291427,3823.0,34.755063,177.000075,192.000075,68.00096
