policy,workload,score,steps,makespan,mean_slowdown,total_slowdown,total_turnaround_time,mean_turnaround_time,total_waiting_time,mean_waiting_time,max_waiting_time,max_turnaround_time,max_slowdown
EASY,1,0.0,0.0,149.00036,8.816557000000001,0.0,0.0,19.408631,0.0,14.915673000000002,44.000345,54.00036,45.000345
PPO,1,-2.8311596865532924,225.0,153.000315,2.831253,201.01233766233761,933.0,13.141032999999998,614.0,8.648076,71.000075,85.000075,14.500143
Tetris,1,-7.549521370648126,215.0,143.000855,7.549739,536.0160173160173,1233.0,17.366631,914.0,12.873673,61.000825,73.000825,42.000795
Random,1,-8.129055217083339,236.0,164.000045,8.129212,577.1629204129205,1408.0,19.8313,1089.0,15.338342,97.000045,111.000045,52.000645
Packer,1,-9.928608011706677,218.0,146.00078,9.928814,704.9311688311687,1411.0,19.873637,1092.0,15.380679,98.000795,101.000795,91.00081
SJF,1,-5.645341747454373,228.0,156.000825,5.645529,400.819264069264,1107.0,15.591923,788.0,11.098965,117.00078,120.00078,42.00075
