time,machine_id,new_pstate
0,0-2,1
2.00009,0,-1
2.00009,0,2
3.00012,1,-1
3.00012,1,2
91.5101,1,-1
91.5101,1,1
102.8,0,-1
102.8,0,1
