allocated_processors,consumed_energy,execution_time,finish_time,job_id,metadata,requested_number_of_processors,requested_time,starting_time,stretch,submission_time,success,turnaround_time,waiting_time,workload_name
0-1,260.000000,13.000000,19.000030,1,"",2,13.000000,6.000030,1.000002,6.000000,0,13.000030,0.000030,85a8a8
0,30.000000,3.000000,78.000045,10,"",1,3.000000,75.000045,1.000015,75.000000,0,3.000045,0.000045,85a8a8
2-3,40.000000,2.000000,10.000030,2,"",2,2.000000,8.000030,1.000015,8.000000,0,2.000030,0.000030,85a8a8
0-5,60.000000,1.000000,25.000030,3,"",6,1.000000,24.000030,1.000030,24.000000,0,1.000030,0.000030,85a8a8
0,30.000000,3.000000,32.000030,4,"",1,3.000000,29.000030,1.000010,29.000000,0,3.000030,0.000030,85a8a8
0-1,260.000000,13.000000,52.000030,5,"",2,13.000000,39.000030,1.000002,39.000000,0,13.000030,0.000030,85a8a8
2-3,20.000000,1.000000,44.000030,6,"",2,1.000000,43.000030,1.000030,43.000000,0,1.000030,0.000030,85a8a8
0-1,20.000000,1.000000,54.000030,7,"",2,1.000000,53.000030,1.000030,53.000000,0,1.000030,0.000030,85a8a8
2,100.000000,10.000000,64.000030,8,"",1,10.000000,54.000030,1.000003,54.000000,0,10.000030,0.000030,85a8a8
0,20.000000,2.000000,64.000030,9,"",1,2.000000,62.000030,1.000015,62.000000,0,2.000030,0.000030,85a8a8
