time,energy,event_type,wattmin,epower
6.00003,600.003,s,100,100
8.00003,800.003,s,100,100
10,1000,e,100,100
19,1900,e,100,100
24,2400,s,100,100
25,2500,e,100,100
29,2900,s,100,100
32,3200,e,100,100
39,3900,s,100,100
43,4300,s,100,100
44,4400,e,100,100
52,5200,e,100,100
53,5300,s,100,100
54,5400,e,100,100
54,5400,s,100,NA
62,6200,s,100,100
64,6400,e,100,100
64,6400,e,100,NA
75,7500,s,100,100
78,7800,e,100,100
