time,nb_sleeping,nb_switching_on,nb_switching_off,nb_idle,nb_computing
6.00003,0,0,0,8,2
8.00003,0,0,0,6,4
10,0,0,0,8,2
19,0,0,0,10,0
24,0,0,0,4,6
25,0,0,0,10,0
29,0,0,0,9,1
32,0,0,0,10,0
39,0,0,0,8,2
43,0,0,0,6,4
44,0,0,0,8,2
52,0,0,0,10,0
53,0,0,0,8,2
54,0,0,0,10,0
54,0,0,0,9,1
62,0,0,0,8,2
64,0,0,0,9,1
64,0,0,0,10,0
75,0,0,0,9,1
78,0,0,0,10,0
